{
  "id": "modr-6pzoy0YppHbyG9Xu2dIY09iEk5pij",
  "model": "text-moderation-004",
  "results": [
    {
      "flagged": true,
      "categories": {
        "sexual": false,
        "hate": false,
        "violence": true,
        "self-harm": false,
        "sexual/minors": false,
        "hate/threatening": false,
        "violence/graphic": false
      },
      "category_scores": {
        "sexual": 9.759669410414062e-07,
        "hate": 0.180674210190773,
        "violence": 0.8864424824714661,
        "self-harm": 1.8088556208439854e-09,
        "sexual/minors": 1.3363569806301712e-08,
        "hate/threatening": 0.003288434585556388,
        "violence/graphic": 3.2010063932830235e-08
      }
    }
  ]
}
